,num_patients_iga,pos,num_patients_igg,num_patients
0,13,0,25,25
1,2,1,0,2
2,0,2,0,0
3,0,3,0,0
4,0,4,0,0
5,0,5,0,0
6,0,6,0,0
7,0,7,0,0
8,0,8,0,0
9,0,9,0,0
10,0,10,0,0
11,0,11,0,0
12,0,12,0,0
13,0,13,0,0
14,0,14,0,0
15,0,15,0,0
16,0,16,0,0
17,0,17,0,0
18,0,18,0,0
19,0,19,0,0
20,0,20,0,0
21,0,21,0,0
22,0,22,0,0
23,0,23,0,0
24,0,24,0,0
25,0,25,1,1
26,0,26,4,4
27,2,27,6,6
28,0,28,3,3
29,0,29,3,3
30,0,30,2,2
31,0,31,4,4
32,0,32,4,4
33,0,33,4,4
34,0,34,0,0
35,0,35,0,0
36,0,36,0,0
37,0,37,1,1
38,0,38,1,1
39,0,39,3,3
40,1,40,1,1
41,0,41,0,0
42,0,42,0,0
43,0,43,0,0
44,0,44,0,0
45,0,45,0,0
46,0,46,0,0
47,0,47,0,0
48,0,48,0,0
49,0,49,0,0
50,0,50,0,0
51,0,51,0,0
52,0,52,0,0
53,0,53,0,0
54,0,54,0,0
55,0,55,0,0
56,0,56,0,0
57,0,57,0,0
58,0,58,0,0
59,0,59,0,0
60,0,60,0,0
61,0,61,0,0
62,0,62,0,0
63,0,63,0,0
64,0,64,0,0
65,0,65,0,0
66,0,66,0,0
67,0,67,0,0
68,0,68,0,0
69,0,69,0,0
70,0,70,0,0
71,0,71,0,0
72,0,72,0,0
73,0,73,0,0
74,0,74,0,0
75,0,75,0,0
76,0,76,0,0
77,0,77,0,0
78,0,78,0,0
79,0,79,0,0
80,0,80,0,0
81,0,81,0,0
82,0,82,0,0
83,0,83,0,0
84,0,84,0,0
85,0,85,0,0
86,0,86,0,0
87,9,87,7,9
88,2,88,0,2
89,2,89,0,2
90,2,90,0,2
91,0,91,0,0
92,0,92,1,1
93,0,93,0,0
94,1,94,0,1
95,0,95,0,0
96,2,96,0,2
97,1,97,0,1
98,0,98,0,0
99,0,99,0,0
100,0,100,0,0
101,0,101,0,0
102,0,102,0,0
103,0,103,0,0
104,0,104,0,0
105,0,105,0,0
106,0,106,0,0
107,1,107,0,1
108,0,108,1,1
109,0,109,0,0
110,0,110,0,0
111,1,111,1,1
112,0,112,0,0
113,0,113,0,0
114,0,114,0,0
115,1,115,0,1
116,1,116,0,1
117,6,117,0,6
118,0,118,0,0
119,0,119,0,0
120,0,120,0,0
121,0,121,1,1
122,0,122,0,0
123,1,123,0,1
124,0,124,0,0
125,0,125,0,0
126,0,126,0,0
127,0,127,0,0
128,1,128,0,1
129,0,129,0,0
130,0,130,1,1
131,1,131,0,1
132,0,132,0,0
133,1,133,0,1
134,0,134,0,0
135,1,135,0,1
136,4,136,3,4
137,2,137,5,5
138,5,138,4,5
139,1,139,1,1
140,2,140,2,2
141,0,141,0,0
142,0,142,0,0
143,28,143,3,28
144,29,144,4,29
145,29,145,4,29
146,31,146,2,31
147,34,147,2,34
148,35,148,2,35
149,34,149,2,34
150,12,150,1,12
151,10,151,1,10
152,7,152,1,7
153,9,153,1,9
154,1,154,0,1
155,0,155,0,0
156,0,156,0,0
157,0,157,0,0
158,0,158,0,0
159,0,159,0,0
160,0,160,0,0
161,1,161,0,1
162,2,162,0,2
163,2,163,0,2
164,2,164,0,2
165,0,165,0,0
166,0,166,0,0
167,0,167,0,0
168,0,168,0,0
169,0,169,0,0
170,0,170,0,0
171,1,171,0,1
172,1,172,0,1
173,4,173,0,4
174,0,174,0,0
175,0,175,0,0
176,1,176,0,1
177,0,177,0,0
178,0,178,0,0
179,2,179,0,2
180,2,180,0,2
181,4,181,0,4
182,5,182,0,5
183,4,183,0,4
184,4,184,0,4
185,3,185,2,3
186,1,186,0,1
187,1,187,0,1
188,1,188,0,1
189,1,189,0,1
190,1,190,1,1
191,2,191,1,2
192,1,192,0,1
193,1,193,0,1
194,0,194,0,0
195,1,195,0,1
196,2,196,0,2
197,1,197,0,1
198,1,198,0,1
199,1,199,0,1
200,1,200,0,1
201,2,201,0,2
202,2,202,0,2
203,2,203,0,2
204,2,204,0,2
205,1,205,0,1
206,0,206,0,0
207,0,207,0,0
208,0,208,0,0
209,0,209,0,0
210,0,210,0,0
211,1,211,0,1
212,0,212,0,0
213,0,213,0,0
214,0,214,0,0
215,0,215,0,0
216,0,216,0,0
217,0,217,0,0
218,0,218,0,0
219,1,219,0,1
220,0,220,0,0
221,0,221,0,0
222,0,222,0,0
223,0,223,0,0
224,0,224,0,0
225,0,225,0,0
226,0,226,0,0
227,0,227,0,0
228,1,228,0,1
229,1,229,0,1
230,0,230,0,0
231,0,231,0,0
232,0,232,0,0
233,2,233,0,2
234,2,234,0,2
235,1,235,0,1
236,1,236,0,1
237,1,237,0,1
238,2,238,0,2
239,1,239,0,1
240,0,240,0,0
241,0,241,0,0
242,0,242,0,0
243,0,243,0,0
244,0,244,0,0
245,0,245,0,0
246,0,246,0,0
247,0,247,0,0
248,0,248,0,0
249,0,249,0,0
250,0,250,0,0
251,0,251,0,0
252,0,252,0,0
253,0,253,0,0
254,0,254,0,0
255,0,255,0,0
256,0,256,0,0
257,0,257,0,0
258,0,258,0,0
259,0,259,0,0
260,0,260,0,0
261,1,261,0,1
262,1,262,0,1
263,1,263,0,1
264,1,264,0,1
265,2,265,0,2
266,1,266,0,1
267,2,267,0,2
268,2,268,0,2
269,2,269,0,2
270,2,270,0,2
271,4,271,0,4
272,3,272,0,3
273,2,273,0,2
274,2,274,0,2
275,2,275,0,2
276,2,276,0,2
277,2,277,0,2
278,2,278,0,2
279,3,279,0,3
280,3,280,0,3
281,4,281,0,4
282,3,282,0,3
283,2,283,0,2
284,2,284,0,2
285,2,285,0,2
286,2,286,0,2
287,2,287,0,2
288,0,288,0,0
289,0,289,5,5
290,9,290,8,9
291,6,291,8,8
292,6,292,10,10
293,6,293,11,11
294,5,294,9,9
295,5,295,7,7
296,0,296,0,0
297,0,297,0,0
298,1,298,0,1
299,1,299,0,1
300,8,300,10,10
301,8,301,9,9
302,9,302,10,10
303,7,303,9,9
304,1,304,2,2
305,1,305,0,1
306,0,306,0,0
307,2,307,0,2
308,4,308,0,4
309,6,309,0,6
310,4,310,0,4
311,3,311,0,3
312,4,312,0,4
313,5,313,0,5
314,5,314,0,5
315,4,315,0,4
316,4,316,0,4
317,4,317,0,4
318,5,318,0,5
319,2,319,0,2
320,0,320,0,0
321,0,321,0,0
322,0,322,0,0
323,0,323,0,0
324,0,324,0,0
325,0,325,0,0
326,0,326,0,0
327,0,327,0,0
328,0,328,0,0
329,0,329,0,0
330,1,330,0,1
331,1,331,0,1
332,2,332,0,2
333,0,333,0,0
334,0,334,0,0
335,1,335,0,1
336,1,336,0,1
337,0,337,0,0
338,0,338,0,0
339,0,339,0,0
340,1,340,0,1
341,0,341,0,0
342,0,342,0,0
343,0,343,0,0
344,0,344,0,0
345,0,345,0,0
346,0,346,0,0
347,0,347,0,0
348,1,348,0,1
349,1,349,0,1
350,2,350,0,2
351,2,351,0,2
352,3,352,0,3
353,4,353,0,4
354,5,354,0,5
355,4,355,0,4
356,1,356,0,1
357,1,357,0,1
358,1,358,0,1
359,1,359,0,1
360,0,360,0,0
361,0,361,0,0
362,0,362,0,0
363,0,363,0,0
364,0,364,0,0
365,0,365,0,0
366,0,366,0,0
367,0,367,0,0
368,0,368,0,0
369,0,369,0,0
370,0,370,0,0
371,0,371,0,0
372,0,372,0,0
373,0,373,0,0
374,0,374,0,0
375,0,375,0,0
376,0,376,0,0
377,0,377,0,0
378,0,378,0,0
379,0,379,0,0
380,0,380,0,0
381,0,381,0,0
382,0,382,0,0
383,1,383,0,1
384,0,384,0,0
385,0,385,0,0
386,0,386,0,0
387,0,387,0,0
388,0,388,0,0
389,0,389,0,0
390,0,390,0,0
391,0,391,0,0
392,0,392,0,0
393,0,393,0,0
394,0,394,0,0
395,0,395,0,0
396,1,396,0,1
397,0,397,0,0
398,0,398,0,0
399,0,399,0,0
400,0,400,0,0
401,1,401,0,1
402,0,402,0,0
403,2,403,0,2
404,2,404,1,2
405,0,405,0,0
406,1,406,0,1
407,1,407,0,1
408,1,408,0,1
409,1,409,0,1
410,1,410,0,1
411,1,411,0,1
412,1,412,0,1
413,1,413,0,1
414,2,414,0,2
415,4,415,0,4
416,4,416,1,4
417,4,417,1,4
418,5,418,0,5
419,6,419,0,6
420,7,420,0,7
421,4,421,0,4
422,4,422,1,4
423,5,423,0,5
424,4,424,0,4
425,5,425,0,5
426,2,426,0,2
427,0,427,0,0
428,1,428,0,1
429,0,429,0,0
430,0,430,0,0
431,1,431,0,1
432,0,432,0,0
433,0,433,0,0
434,0,434,0,0
435,0,435,0,0
436,0,436,0,0
437,0,437,0,0
438,2,438,0,2
439,2,439,0,2
440,3,440,0,3
441,2,441,0,2
442,2,442,0,2
443,2,443,0,2
444,1,444,0,1
445,0,445,0,0
446,0,446,0,0
447,1,447,0,1
448,0,448,0,0
449,0,449,0,0
450,0,450,0,0
451,0,451,0,0
452,0,452,0,0
453,1,453,0,1
454,1,454,0,1
455,1,455,0,1
456,2,456,0,2
457,3,457,0,3
458,3,458,0,3
459,4,459,0,4
460,5,460,0,5
461,6,461,0,6
462,3,462,0,3
463,2,463,0,2
464,2,464,0,2
465,1,465,0,1
466,1,466,0,1
467,0,467,0,0
468,0,468,0,0
469,0,469,0,0
470,1,470,0,1
471,1,471,0,1
472,0,472,0,0
473,0,473,0,0
474,0,474,0,0
475,0,475,0,0
476,0,476,0,0
477,0,477,0,0
478,0,478,0,0
479,1,479,0,1
480,3,480,2,3
481,0,481,0,0
482,1,482,0,1
483,2,483,0,2
484,0,484,0,0
485,0,485,0,0
486,0,486,0,0
487,0,487,0,0
488,1,488,0,1
489,0,489,0,0
490,0,490,0,0
491,0,491,0,0
492,1,492,0,1
493,1,493,0,1
494,0,494,0,0
495,0,495,0,0
496,1,496,0,1
497,0,497,0,0
498,0,498,0,0
499,1,499,0,1
500,0,500,0,0
501,0,501,0,0
502,0,502,0,0
503,0,503,0,0
504,0,504,0,0
505,1,505,0,1
506,0,506,0,0
507,0,507,0,0
508,0,508,0,0
509,0,509,0,0
510,0,510,0,0
511,0,511,0,0
512,0,512,0,0
513,0,513,0,0
514,0,514,0,0
515,1,515,0,1
516,0,516,0,0
517,0,517,0,0
518,0,518,0,0
519,0,519,0,0
520,0,520,0,0
521,2,521,0,2
522,0,522,0,0
523,0,523,0,0
524,0,524,0,0
525,0,525,0,0
526,0,526,0,0
527,0,527,0,0
528,0,528,0,0
529,0,529,0,0
530,0,530,0,0
531,0,531,0,0
532,0,532,0,0
533,0,533,0,0
534,0,534,0,0
535,4,535,0,4
536,2,536,0,2
537,1,537,0,1
538,2,538,0,2
539,1,539,0,1
540,1,540,0,1
541,1,541,0,1
542,2,542,0,2
543,2,543,0,2
544,2,544,0,2
545,1,545,0,1
546,1,546,0,1
547,0,547,0,0
548,0,548,0,0
549,0,549,0,0
550,0,550,0,0
551,2,551,0,2
552,2,552,0,2
553,4,553,0,4
554,4,554,0,4
555,15,555,9,15
556,17,556,17,17
557,20,557,29,29
558,14,558,30,30
559,12,559,31,31
560,11,560,30,30
561,14,561,29,29
562,19,562,32,32
563,23,563,32,32
564,11,564,19,19
565,4,565,13,13
566,3,566,5,5
567,1,567,7,7
568,0,568,3,3
569,0,569,0,0
570,0,570,0,0
571,0,571,0,0
572,0,572,0,0
573,2,573,2,2
574,5,574,5,5
575,10,575,10,10
576,17,576,14,17
577,19,577,14,19
578,19,578,14,19
579,19,579,15,19
580,19,580,14,19
581,17,581,15,17
582,16,582,14,16
583,14,583,13,14
584,4,584,7,7
585,1,585,1,1
586,1,586,0,1
587,0,587,0,0
588,0,588,0,0
589,0,589,0,0
590,0,590,0,0
591,0,591,0,0
592,0,592,0,0
593,0,593,0,0
594,0,594,0,0
595,0,595,0,0
596,0,596,0,0
597,0,597,0,0
598,0,598,0,0
599,0,599,0,0
600,10,600,2,10
601,9,601,2,9
602,9,602,1,9
603,9,603,1,9
604,9,604,1,9
605,0,605,0,0
606,0,606,0,0
607,0,607,0,0
608,0,608,0,0
609,0,609,0,0
610,0,610,0,0
611,0,611,0,0
612,0,612,0,0
613,0,613,0,0
614,0,614,0,0
615,0,615,0,0
616,0,616,0,0
617,0,617,0,0
618,0,618,0,0
619,0,619,0,0
620,0,620,0,0
621,0,621,0,0
622,0,622,0,0
623,0,623,0,0
624,0,624,1,1
625,1,625,1,1
626,2,626,1,2
627,2,627,1,2
628,2,628,4,4
629,3,629,5,5
630,9,630,9,9
631,10,631,11,11
632,9,632,11,11
633,8,633,10,10
634,7,634,10,10
635,4,635,8,8
636,1,636,0,1
637,1,637,0,1
638,2,638,0,2
639,2,639,0,2
640,3,640,0,3
641,0,641,0,0
642,0,642,0,0
643,0,643,0,0
644,0,644,0,0
645,0,645,0,0
646,0,646,0,0
647,0,647,0,0
648,0,648,0,0
649,0,649,0,0
650,0,650,0,0
651,0,651,0,0
652,0,652,0,0
653,0,653,0,0
654,0,654,0,0
655,0,655,0,0
656,0,656,0,0
657,0,657,0,0
658,0,658,0,0
659,0,659,0,0
660,0,660,0,0
661,0,661,0,0
662,0,662,0,0
663,1,663,0,1
664,1,664,0,1
665,1,665,0,1
666,1,666,0,1
667,1,667,0,1
668,1,668,0,1
669,0,669,0,0
670,0,670,0,0
671,0,671,0,0
672,0,672,0,0
673,0,673,0,0
674,0,674,0,0
675,4,675,1,4
676,7,676,1,7
677,6,677,1,6
678,7,678,1,7
679,8,679,1,8
680,9,680,1,9
681,9,681,1,9
682,8,682,1,8
683,7,683,1,7
684,5,684,0,5
685,4,685,0,4
686,3,686,0,3
687,3,687,0,3
688,3,688,0,3
689,2,689,2,2
690,1,690,2,2
691,2,691,3,3
692,1,692,3,3
693,1,693,3,3
694,3,694,3,3
695,4,695,3,4
696,4,696,3,4
697,3,697,0,3
698,4,698,0,4
699,4,699,0,4
700,2,700,0,2
701,2,701,0,2
702,2,702,0,2
703,3,703,1,3
704,1,704,3,3
705,1,705,1,1
706,0,706,0,0
707,7,707,2,7
708,8,708,2,8
709,8,709,0,8
710,7,710,0,7
711,6,711,0,6
712,8,712,0,8
713,9,713,0,9
714,9,714,0,9
715,5,715,0,5
716,2,716,1,2
717,1,717,0,1
718,0,718,0,0
719,0,719,0,0
720,0,720,0,0
721,0,721,0,0
722,0,722,0,0
723,0,723,0,0
724,0,724,0,0
725,0,725,0,0
726,0,726,0,0
727,0,727,0,0
728,0,728,0,0
729,0,729,0,0
730,1,730,0,1
731,2,731,0,2
732,3,732,0,3
733,1,733,0,1
734,0,734,0,0
735,0,735,0,0
736,0,736,0,0
737,0,737,0,0
738,1,738,0,1
739,1,739,0,1
740,0,740,0,0
741,0,741,0,0
742,0,742,0,0
743,0,743,0,0
744,2,744,0,2
745,0,745,0,0
746,0,746,1,1
747,1,747,0,1
748,4,748,0,4
749,7,749,0,7
750,0,750,0,0
751,0,751,0,0
752,0,752,0,0
753,0,753,0,0
754,0,754,0,0
755,0,755,0,0
756,1,756,1,1
757,1,757,1,1
758,0,758,1,1
759,0,759,0,0
760,0,760,0,0
761,0,761,0,0
762,2,762,0,2
763,1,763,0,1
764,1,764,0,1
765,0,765,0,0
766,0,766,0,0
767,0,767,0,0
768,8,768,0,8
769,38,769,0,38
770,39,770,0,39
771,51,771,0,51
772,60,772,2,60
773,72,773,3,72
774,61,774,1,61
775,52,775,1,52
776,43,776,0,43
777,32,777,0,32
778,8,778,2,8
779,9,779,3,9
780,4,780,0,4
781,3,781,1,3
782,4,782,0,4
783,3,783,3,3
784,3,784,3,3
785,3,785,3,3
786,4,786,3,4
787,2,787,1,2
788,3,788,1,3
789,7,789,4,7
790,7,790,5,7
791,7,791,3,7
792,10,792,3,10
793,15,793,5,15
794,16,794,5,16
795,11,795,3,11
796,11,796,3,11
797,7,797,2,7
798,7,798,3,7
799,8,799,3,8
800,6,800,3,6
801,6,801,2,6
802,5,802,0,5
803,2,803,1,2
804,2,804,0,2
805,2,805,1,2
806,2,806,1,2
807,4,807,2,4
808,5,808,2,5
809,4,809,1,4
810,5,810,2,5
811,7,811,2,7
812,10,812,9,10
813,24,813,31,31
814,47,814,49,49
815,44,815,77,77
816,44,816,84,84
817,57,817,89,89
818,94,818,97,97
819,89,819,97,97
820,78,820,94,94
821,63,821,96,96
822,70,822,95,95
823,68,823,95,95
824,83,824,101,101
825,14,825,6,14
826,0,826,0,0
827,0,827,0,0
828,0,828,0,0
829,3,829,15,15
830,0,830,0,0
831,0,831,0,0
832,0,832,0,0
833,0,833,0,0
834,0,834,0,0
835,0,835,0,0
836,0,836,0,0
837,0,837,0,0
838,0,838,0,0
839,1,839,0,1
840,0,840,0,0
841,0,841,0,0
842,0,842,0,0
843,1,843,0,1
844,1,844,0,1
845,1,845,0,1
846,1,846,0,1
847,1,847,0,1
848,0,848,0,0
849,0,849,0,0
850,0,850,0,0
851,1,851,0,1
852,1,852,0,1
853,2,853,0,2
854,1,854,0,1
855,1,855,0,1
856,1,856,0,1
857,1,857,0,1
858,1,858,0,1
859,1,859,0,1
860,0,860,0,0
861,1,861,0,1
862,1,862,0,1
863,1,863,0,1
864,1,864,0,1
865,1,865,0,1
866,0,866,0,0
867,1,867,0,1
868,0,868,0,0
869,0,869,0,0
870,0,870,0,0
871,0,871,0,0
872,0,872,0,0
873,0,873,0,0
874,0,874,0,0
875,0,875,0,0
876,0,876,0,0
877,0,877,3,3
878,0,878,0,0
879,1,879,1,1
880,0,880,0,0
881,0,881,1,1
882,0,882,0,0
883,0,883,0,0
884,0,884,0,0
885,0,885,0,0
886,0,886,0,0
887,1,887,0,1
888,0,888,0,0
889,0,889,0,0
890,1,890,0,1
891,0,891,1,1
892,0,892,2,2
893,0,893,0,0
894,0,894,0,0
895,0,895,0,0
896,0,896,0,0
897,0,897,0,0
898,0,898,0,0
899,1,899,0,1
900,3,900,0,3
901,3,901,0,3
902,0,902,0,0
903,1,903,0,1
904,1,904,0,1
905,2,905,0,2
906,2,906,0,2
907,0,907,0,0
908,0,908,0,0
909,0,909,0,0
910,0,910,0,0
911,1,911,0,1
912,1,912,0,1
913,0,913,0,0
914,0,914,0,0
915,0,915,0,0
916,0,916,0,0
917,0,917,0,0
918,5,918,0,5
919,4,919,0,4
920,1,920,0,1
921,0,921,0,0
922,0,922,0,0
923,0,923,0,0
924,1,924,0,1
925,1,925,0,1
926,1,926,0,1
927,2,927,1,2
928,1,928,0,1
929,1,929,0,1
930,1,930,0,1
931,1,931,0,1
932,2,932,0,2
933,2,933,0,2
934,1,934,0,1
935,3,935,0,3
936,3,936,1,3
937,2,937,0,2
938,2,938,0,2
939,1,939,0,1
940,1,940,0,1
941,0,941,0,0
942,0,942,0,0
943,0,943,0,0
944,0,944,0,0
945,0,945,0,0
946,0,946,0,0
947,1,947,0,1
948,1,948,0,1
949,0,949,0,0
950,0,950,0,0
951,0,951,0,0
952,1,952,0,1
953,0,953,0,0
954,1,954,0,1
955,0,955,0,0
956,0,956,0,0
957,0,957,0,0
958,0,958,0,0
959,0,959,0,0
960,0,960,0,0
961,0,961,0,0
962,0,962,0,0
963,0,963,1,1
964,0,964,0,0
965,0,965,0,0
966,0,966,0,0
967,0,967,0,0
968,4,968,0,4
969,2,969,0,2
970,3,970,0,3
971,3,971,0,3
972,3,972,0,3
973,2,973,0,2
974,1,974,0,1
975,4,975,0,4
976,4,976,3,4
977,5,977,0,5
978,6,978,0,6
979,6,979,0,6
980,7,980,0,7
981,7,981,0,7
982,6,982,0,6
983,10,983,0,10
984,10,984,0,10
985,10,985,0,10
986,11,986,0,11
987,13,987,0,13
988,6,988,0,6
989,4,989,0,4
990,2,990,0,2
991,0,991,0,0
992,1,992,0,1
993,2,993,0,2
994,1,994,0,1
995,0,995,0,0
996,0,996,0,0
997,1,997,0,1
998,0,998,0,0
999,0,999,0,0
1000,0,1000,0,0
1001,0,1001,0,0
1002,0,1002,0,0
1003,0,1003,0,0
1004,0,1004,0,0
1005,0,1005,0,0
1006,0,1006,0,0
1007,0,1007,0,0
1008,0,1008,0,0
1009,0,1009,0,0
1010,0,1010,0,0
1011,1,1011,0,1
1012,2,1012,0,2
1013,0,1013,0,0
1014,0,1014,0,0
1015,0,1015,0,0
1016,1,1016,0,1
1017,1,1017,0,1
1018,1,1018,0,1
1019,1,1019,0,1
1020,1,1020,0,1
1021,2,1021,0,2
1022,3,1022,0,3
1023,2,1023,0,2
1024,1,1024,0,1
1025,2,1025,0,2
1026,2,1026,0,2
1027,2,1027,0,2
1028,1,1028,0,1
1029,1,1029,0,1
1030,2,1030,0,2
1031,0,1031,0,0
1032,0,1032,0,0
1033,0,1033,0,0
1034,0,1034,0,0
1035,0,1035,0,0
1036,0,1036,0,0
1037,0,1037,0,0
1038,0,1038,0,0
1039,0,1039,0,0
1040,0,1040,0,0
1041,0,1041,0,0
1042,0,1042,0,0
1043,0,1043,0,0
1044,0,1044,0,0
1045,0,1045,0,0
1046,1,1046,0,1
1047,1,1047,0,1
1048,0,1048,0,0
1049,0,1049,0,0
1050,0,1050,0,0
1051,0,1051,0,0
1052,1,1052,0,1
1053,1,1053,0,1
1054,1,1054,0,1
1055,1,1055,0,1
1056,1,1056,0,1
1057,1,1057,0,1
1058,0,1058,0,0
1059,0,1059,0,0
1060,0,1060,0,0
1061,0,1061,0,0
1062,0,1062,0,0
1063,0,1063,0,0
1064,0,1064,0,0
1065,0,1065,0,0
1066,0,1066,0,0
1067,0,1067,0,0
1068,0,1068,0,0
1069,0,1069,0,0
1070,0,1070,0,0
1071,0,1071,0,0
1072,0,1072,0,0
1073,0,1073,1,1
1074,0,1074,0,0
1075,0,1075,0,0
1076,0,1076,0,0
1077,0,1077,0,0
1078,0,1078,0,0
1079,0,1079,0,0
1080,0,1080,0,0
1081,0,1081,0,0
1082,0,1082,0,0
1083,1,1083,0,1
1084,0,1084,0,0
1085,0,1085,0,0
1086,0,1086,0,0
1087,0,1087,0,0
1088,0,1088,12,12
1089,0,1089,0,0
1090,0,1090,0,0
1091,1,1091,0,1
1092,0,1092,0,0
1093,0,1093,0,0
1094,0,1094,0,0
1095,1,1095,0,1
1096,1,1096,0,1
1097,1,1097,0,1
1098,1,1098,0,1
1099,0,1099,0,0
1100,0,1100,0,0
1101,0,1101,0,0
1102,0,1102,0,0
1103,0,1103,0,0
1104,0,1104,0,0
1105,1,1105,0,1
1106,1,1106,0,1
1107,1,1107,0,1
1108,1,1108,0,1
1109,1,1109,0,1
1110,1,1110,0,1
1111,1,1111,0,1
1112,0,1112,0,0
1113,0,1113,0,0
1114,0,1114,0,0
1115,0,1115,0,0
1116,0,1116,0,0
1117,0,1117,0,0
1118,0,1118,0,0
1119,0,1119,0,0
1120,0,1120,0,0
1121,0,1121,0,0
1122,0,1122,0,0
1123,0,1123,0,0
1124,0,1124,0,0
1125,0,1125,0,0
1126,0,1126,0,0
1127,0,1127,0,0
1128,0,1128,0,0
1129,0,1129,0,0
1130,0,1130,0,0
1131,0,1131,0,0
1132,0,1132,0,0
1133,0,1133,0,0
1134,1,1134,0,1
1135,0,1135,0,0
1136,0,1136,0,0
1137,0,1137,0,0
1138,0,1138,0,0
1139,0,1139,0,0
1140,0,1140,0,0
1141,0,1141,0,0
1142,0,1142,1,1
1143,2,1143,4,4
1144,2,1144,3,3
1145,9,1145,10,10
1146,19,1146,54,54
1147,36,1147,66,66
1148,60,1148,63,63
1149,59,1149,64,64
1150,56,1150,67,67
1151,69,1151,70,70
1152,65,1152,68,68
1153,75,1153,68,75
1154,70,1154,72,72
1155,57,1155,70,70
1156,26,1156,38,38
1157,4,1157,4,4
1158,0,1158,2,2
1159,0,1159,1,1
1160,0,1160,0,0
1161,0,1161,0,0
1162,0,1162,1,1
1163,0,1163,2,2
1164,1,1164,2,2
1165,1,1165,2,2
1166,1,1166,2,2
1167,1,1167,3,3
1168,1,1168,3,3
1169,2,1169,3,3
1170,1,1170,3,3
1171,2,1171,3,3
1172,3,1172,1,3
1173,2,1173,0,2
1174,1,1174,0,1
1175,0,1175,0,0
1176,0,1176,0,0
1177,0,1177,0,0
1178,3,1178,0,3
1179,6,1179,0,6
1180,8,1180,1,8
1181,9,1181,1,9
1182,7,1182,1,7
1183,9,1183,1,9
1184,6,1184,0,6
1185,6,1185,0,6
1186,6,1186,0,6
1187,3,1187,0,3
1188,4,1188,0,4
1189,1,1189,0,1
1190,1,1190,0,1
1191,0,1191,0,0
1192,1,1192,0,1
1193,1,1193,0,1
1194,1,1194,0,1
1195,1,1195,0,1
1196,1,1196,0,1
1197,0,1197,0,0
1198,0,1198,0,0
1199,0,1199,0,0
1200,0,1200,0,0
1201,0,1201,0,0
1202,0,1202,0,0
1203,0,1203,0,0
1204,0,1204,0,0
1205,0,1205,0,0
1206,0,1206,0,0
1207,0,1207,0,0
1208,0,1208,0,0
1209,0,1209,0,0
1210,0,1210,0,0
1211,0,1211,0,0
1212,0,1212,0,0
1213,0,1213,0,0
1214,0,1214,0,0
1215,0,1215,0,0
1216,0,1216,0,0
1217,0,1217,0,0
1218,0,1218,0,0
1219,0,1219,0,0
1220,0,1220,0,0
1221,0,1221,0,0
1222,0,1222,0,0
1223,0,1223,0,0
1224,0,1224,0,0
1225,0,1225,0,0
1226,1,1226,0,1
1227,0,1227,0,0
1228,0,1228,0,0
1229,0,1229,0,0
1230,0,1230,0,0
1231,0,1231,0,0
1232,0,1232,0,0
1233,0,1233,0,0
1234,0,1234,0,0
1235,0,1235,0,0
1236,0,1236,0,0
1237,0,1237,0,0
1238,0,1238,0,0
1239,0,1239,0,0
1240,0,1240,0,0
1241,0,1241,0,0
1242,0,1242,0,0
1243,0,1243,0,0
1244,0,1244,0,0
1245,0,1245,0,0
1246,0,1246,0,0
1247,0,1247,0,0
1248,0,1248,0,0
1249,0,1249,0,0
1250,0,1250,0,0
1251,0,1251,0,0
1252,0,1252,0,0
1253,0,1253,0,0
1254,0,1254,0,0
1255,0,1255,0,0
1256,0,1256,0,0
1257,0,1257,0,0
1258,0,1258,0,0
1259,0,1259,0,0
1260,0,1260,0,0
1261,0,1261,0,0
1262,0,1262,0,0
1263,0,1263,0,0
1264,0,1264,0,0
1265,0,1265,0,0
1266,0,1266,0,0
1267,0,1267,0,0
1268,0,1268,0,0
1269,0,1269,0,0
1270,0,1270,0,0
1271,0,1271,0,0
1272,0,1272,0,0
