position,evescape_score,counts,seen_date
771,-3.413197091,92,
771,-3.665423409,1,
771,-3.842931614,32,
771,-4.052891039,3,
771,-3.225496445,5558,2020-12
771,-3.72251301,20,2022-01
771,-3.699126406,275,2021-08
772,-2.638326161,259,2021-09
772,-2.348641302,18,
772,-2.325621871,0,
772,-3.091027255,140,2022-03
772,-2.871322125,138,
772,-2.604190179,11358,2020-11
772,-2.700892862,7,
772,-2.833229178,0,
773,-3.099797822,0,
773,-3.885102776,86,
773,-3.396510538,12,
773,-2.994291808,4,
773,-3.039671892,26,
773,-3.039173592,6,
774,-3.281208871,0,
774,-3.853767135,4,
774,-3.69617436,3,2022-01
774,-3.109201129,10,
774,-3.931564089,3,
774,-3.586993051,7,
775,-3.033777432,0,
775,-3.894883251,16,
775,-3.276068109,8,
775,-3.367481952,34,
775,-3.105352777,10,
775,-3.387292491,0,
775,-3.509395483,11,
814,-1.684267444,111,2022-05
814,-1.757089821,0,
814,-1.597757262,126,2022-03
814,-1.939239901,64,
814,-1.856088869,37,
814,-1.783707825,531,2021-09
814,-1.520755398,137,2021-12
815,-2.693070291,0,
815,-2.377188272,8,
815,-2.727430624,0,
815,-2.564939964,0,
815,-2.67013928,304,2021-08
815,-2.534892567,0,
815,-2.426729498,32,
815,-2.616288983,0,
815,-2.846630184,0,
815,-2.502262134,34,
815,-2.826847392,0,
815,-2.493251936,3,
816,-3.490502449,5,
816,-3.449552417,0,
816,-3.335899822,0,
816,-3.614871132,0,
816,-3.175363157,0,
816,-3.439144755,8,
816,-3.594075358,0,
816,-3.777473925,0,
816,-2.87939493,0,
816,-3.749023226,5,
816,-3.517457048,0,
816,-3.594261336,0,
817,-2.560983971,0,
817,-2.455374083,0,
817,-2.354486539,323,2021-09
817,-2.424386339,22,
817,-2.177712547,19,
817,-2.423578125,49,
818,-3.12608809,20,
818,-2.678662421,0,
818,-2.582256447,0,2022-02
818,-3.10011157,9,
818,-3.041944048,0,
818,-2.644327069,0,
818,-3.302065702,0,
818,-2.994365126,10,
818,-2.72639935,3119,2020-12
819,-3.377359347,0,
819,-3.622641132,7,
819,-3.461833317,0,
819,-3.34011065,7,
819,-3.610182056,0,
819,-3.011729847,2,
820,-2.465552349,9,
820,-2.548023048,369,2022-04
820,-2.798991787,44,
820,-2.7105902,69,
820,-2.865774811,182,2021-11
820,-2.77075324,9,
820,-2.806548451,28,
821,-3.181452858,0,
821,-2.549684423,0,
821,-2.486828465,257,2021-10
821,-3.01362918,0,
821,-3.12448054,6,
821,-2.660982337,6,
821,-2.486020203,0,
821,-3.043774552,0,
821,-2.769417649,555,2021-08
821,-3.228065011,0,
822,-3.402521583,4026,2020-09
822,-3.289707803,0,
822,-3.590648174,197,2021-11
822,-3.624764944,0,
822,-3.725299124,35,
822,-3.445433881,0,
822,-2.911398277,0,
822,-3.571551956,0,
822,-3.735597241,57,
822,-3.953304249,0,
823,-3.156650408,0,
823,-3.196438637,0,
823,-3.10816624,16,
823,-2.814697854,7,
823,-3.147169853,0,
823,-2.174851884,17,
824,-1.552231592,241,2021-11
824,-2.379097924,8,
824,-2.294517508,8,
824,-2.347560697,23,
824,-2.007889405,179,2022-03
824,-2.338020514,8,
824,-2.755917792,98,2021-11
1146,-1.403539579,68,2022-08
1146,-1.403577728,425,2021-06
1146,-1.467842855,82,
1146,-1.247680359,2101,2021-02
1146,-1.496764496,369,2021-10
1146,-1.030604079,61,
1146,-1.119443875,1565,2021-03
1147,-2.185253659,69,
1147,-2.220664368,0,
1147,-1.976956332,0,
1147,-2.027143036,0,
1147,-1.898681635,0,
1147,-1.984115036,5987,2020-12
1147,-1.478230898,0,
1147,-1.918682463,25,
1147,-1.557449993,0,
1147,-2.190756601,12,
1147,-1.934192054,0,
1147,-2.06853847,0,
1148,-3.171711712,0,
1148,-2.315648317,0,
1148,-2.983058091,25,
1148,-2.698036053,6,
1148,-2.409430303,0,
1148,-2.815435613,8,
1149,-1.777160324,18,
1149,-2.070851216,0,
1149,-1.822995058,133,2022-02
1149,-1.849425414,138,2022-02
1149,-1.851837727,20,
1149,-2.551933828,1126,2021-06
1149,-1.810404194,5,
1150,-1.684167175,90,
1150,-1.946934161,6947,2021-04
1150,-1.810792395,118,2022-04
1150,-1.575005081,643,2021-07
1150,-1.575271441,634,2021-10
1150,-1.923478179,79,
1151,-2.50738412,32,
1151,-2.677210373,1169,2021-06
1151,-2.550130789,13,
1151,-2.434239835,8,
1151,-2.477239669,21,
1151,-2.419307512,17,
1152,-2.130345285,69,
1152,-2.539098724,0,
1152,-2.47866815,0,
1152,-2.821477629,0,
1152,-2.554666003,0,
1152,-2.500862798,0,
1152,-2.235894871,0,
1152,-2.685720023,0,
1152,-2.501052858,0,
1152,-2.781097283,0,
1153,-2.072753199,352,2021-07
1153,-2.037424448,15,
1153,-2.361968749,586,2021-08
1153,-2.307515646,248,2021-12
1153,-2.13723678,205,2021-12
1153,-2.200737961,120,2022-07
1153,-2.18426174,9690,2021-01
1154,-1.480148509,164,2022-05
1154,-2.11160406,289,2021-09
1154,-2.096023348,0,
1154,-2.102959833,64,
1154,-1.949797387,0,
1154,-2.599808721,125,2022-03
1154,-2.390219052,118,2022-02
1155,-2.872000168,0,
1155,-2.279282815,0,
1155,-2.082576007,433,2021-02
1155,-2.536069009,566,2021-08
1155,-2.554251987,0,
1155,-2.728838724,0,
